{
  "object": "list",
  "data": [
    {
      "id": "pm_1Kn1111131111111111111",
      "object": "payment_method",
      "billing_details": {
        "address": {
          "city": null,
          "country": "US",
          "line1": null,
          "line2": null,
          "postal_code": "44444",
          "state": null
        },
        "email": null,
        "name": null,
        "phone": null
      },
      "card": {
        "brand": "visa",
        "checks": {
          "address_line1_check": null,
          "address_postal_code_check": "pass",
          "cvc_check": "pass"
        },
        "country": "US",
        "exp_month": 4,
        "exp_year": 2024,
        "fingerprint": "LzD7111111JQs7",
        "funding": "credit",
        "generated_from": null,
        "last4": "4242",
        "networks": {
          "available": [
            "visa"
          ],
          "preferred": null
        },
        "three_d_secure_usage": {
          "supported": true
        },
        "wallet": null
      },
      "created": 1649802371,
      "customer": "cus_LUrr1111111P",
      "livemode": false,
      "type": "card"
    }
  ],
  "has_more": false,
  "url": "/v1/payment_methods"
}
