{
    "card": {
        "brand": "visa",
        "checks": {
        },
        "country": "US",
        "exp_month": 12,
        "exp_year": 2020,
        "funding": "credit",
        "generated_from": null,
        "last4": 4242,
        "three_d_secure_usage": {
            "supported": 1
        },
        "wallet": {
            "apple_pay": {
            },
            "dynamic_last4": 4242,
            "type": "apple_pay"
        }
    },
    "created": 1558545782,
    "id": "pm_123456789",
    "livemode": false,
    "metadata": {
    },
    "object": "payment_method",
    "type": "card"
}

