{
  "id": "pi_1Cl15wIl4IdHmuTbCWrpJXN6",
  "object": "payment_intent",
  "payment_method_types": [
    "card"
  ],
  "amount": 2345,
  "canceled_at": 1530911045,
  "capture_method": "manual",
  "client_secret": "pi_1Cl15wIl4IdHmuTbCWrpJXN6_secret_EkKtQ7Sg75hLDFKqFG8DtWcaK",
  "confirmation_method": "automatic",
  "created": 1530911040,
  "currency": "usd",
  "description": "My Sample PaymentIntent",
  "last_payment_error": {
      "code": "payment_intent_authentication_failure",
      "doc_url": "https://stripe.com/docs/error-codes#payment-intent-authentication-failure",
      "message": "The provided PaymentMethod has failed authentication. You can provide payment_method_data or a new PaymentMethod to attempt to fulfill this PaymentIntent again.",
      "payment_method": {
          "id": "pm_1F5KZ4KlwPmebFhph828lKsZ",
          "object": "payment_method",
          "billing_details": {
              "address": {
              },
          },
          "card": {
              "brand": "visa",
              "checks": {
              },
              "country": "US",
              "exp_month": 2,
              "exp_year": 2042,
              "funding": "credit",
              "last4": "3063",
              "three_d_secure_usage": {
                  "supported": true
              },
          },
          "created": 1565305114,
          "livemode": false,
          "metadata": {
          },
          "type": "card"
      },
      "type": "invalid_request_error"
  },
  "livemode": false,
  "next_source_action": {
    "type": "authorize_with_url",
    "authorize_with_url": {
      "return_url": "payments-example://stripe-redirect",
      "url": "https://hooks.stripe.com/redirect/authenticate/src_1Cl1AeIl4IdHmuTb1L7x083A?client_secret=src_client_secret_DBNwUe9qHteqJ8qQBwNWiigk"
    }
  },
  "next_action": {
      "type": "redirect_to_url",
      "redirect_to_url": {
          "return_url": "payments-example://stripe-redirect",
          "url": "https://hooks.stripe.com/redirect/authenticate/src_1Cl1AeIl4IdHmuTb1L7x083A?client_secret=src_client_secret_DBNwUe9qHteqJ8qQBwNWiigk"
      }
  },
  "receipt_email": "danj@example.com",
  "shipping": {
    "address": {
      "city": "San Francisco",
      "country": "USA",
      "line1": "123 Main St",
      "line2": "Apt 456",
      "postal_code": "94107",
      "state": "CA"
    },
    "carrier": "USPS",
    "name": "Dan",
    "phone": "1-415-555-1234",
    "tracking_number": "xyz123abc"
  },
  "source": "src_1Cl1AdIl4IdHmuTbseiDWq6m",
  "status": "requires_action",
  "payment_method_types" : [
      "card"
  ],
}
