{
  "id": "seti_123456789",
  "object": "setup_intent",
  "application": "ca_123456789",
  "client_secret": "seti_123456789_secret_123456789",
  "created": 123456789,
  "customer": "cus_123456",
  "description": "My Sample SetupIntent",
  "last_setup_error": {
      "code": "setup_intent_authentication_failure",
      "doc_url": "https://stripe.com/docs/error-codes#setup-intent-authentication-failure",
      "message": "The latest attempt to set up the payment method has failed because authentication failed.",
      "payment_method": {
          "id": "pm_1F5fdSKlwPmebFhpPTD7Tg4l",
          "object": "payment_method",
          "billing_details": {
              "address": {
                  "city": null,
                  "country": null,
                  "line1": null,
                  "line2": null,
                  "postal_code": null,
                  "state": null
              },
              "email": null,
              "name": null,
              "phone": null
          },
          "card": {
              "brand": "visa",
              "checks": {
                  "address_line1_check": null,
                  "address_postal_code_check": null,
                  "cvc_check": null
              },
              "country": null,
              "exp_month": 2,
              "exp_year": 2042,
              "funding": "credit",
              "generated_from": null,
              "last4": "3246",
              "three_d_secure_usage": {
                  "supported": true
              },
              "wallet": null
          },
          "created": 1565386110,
          "customer": null,
          "livemode": false,
          "metadata": {
          },
          "type": "card"
      },
      "type": "invalid_request_error"
  },
  "livemode": false,
  "next_action": {
      "type": "redirect_to_url",
      "redirect_to_url": {
          "return_url": "payments-example://stripe-redirect",
          "url": "https://hooks.stripe.com/redirect/authenticate/src_1Cl1AeIl4IdHmuTb1L7x083A?client_secret=src_client_secret_DBNwUe9qHteqJ8qQBwNWiigk"
      }
  },
  "on_behalf_of": null,
  "payment_method": "pm_123456",
  "payment_method_types": [
    "card"
  ],
  "status": "requires_action",
  "usage": "off_session"
}
